store_nbr,city,type,total_revenue
44,Quito,A,62087553.25
45,Quito,A,54498010.42
47,Quito,A,50948310.06
3,Quito,D,50481910.19
49,Quito,A,43420095.78
46,Quito,A,41896062.12
48,Quito,A,35933130.27
51,Guayaquil,A,32911489.54
8,Quito,D,30494286.93
50,Ambato,A,28653020.62
